mean_acc,std_acc,mean_f1,std_f1,n_folds
0.2793669952390531,0.003381290962022366,0.16320122680502017,0.00801456215587047,5
