,neutral,sad,fear,happy
delta,0.2701672911498564,0.17581708565889215,0.08076513616454027,0.23350952214174853
theta,0.2197110295641489,0.13103148904347522,0.05209456050555466,0.22613904500819484
alpha,0.2465912641452983,0.202259513664724,0.03288759606998544,0.258796291797191
beta,0.1363025071259721,0.17035164298233202,0.0019899704602959947,0.2615158699465715
gamma,0.10792419382065403,0.1248057808165812,0.01148731412773535,0.3169371953342718
